01431,boston-ma
01432,boston-ma
01450,boston-ma
01460,boston-ma
01463,boston-ma
01464,boston-ma
01469,boston-ma
01474,boston-ma
01701,boston-ma
01702,boston-ma
01718,boston-ma
01719,boston-ma
01720,boston-ma
01721,boston-ma
01730,boston-ma
01731,boston-ma
01741,boston-ma
01742,boston-ma
01746,boston-ma
01748,boston-ma
01749,boston-ma
01752,boston-ma
01754,boston-ma
01760,boston-ma
01770,boston-ma
01773,boston-ma
01775,boston-ma
01776,boston-ma
01778,boston-ma
01801,boston-ma
01803,boston-ma
01810,boston-ma
01821,boston-ma
01824,boston-ma
01826,boston-ma
01827,boston-ma
01830,boston-ma
01832,boston-ma
01833,boston-ma
01834,boston-ma
01835,boston-ma
01840,boston-ma
01841,boston-ma
01843,boston-ma
01844,boston-ma
01845,boston-ma
01850,boston-ma
01851,boston-ma
01852,boston-ma
01854,boston-ma
01860,boston-ma
01862,boston-ma
01863,boston-ma
01864,boston-ma
01867,boston-ma
01876,boston-ma
01879,boston-ma
01880,boston-ma
01886,boston-ma
01887,boston-ma
01890,boston-ma
01901,boston-ma
01902,boston-ma
01904,boston-ma
01905,boston-ma
01906,boston-ma
01907,boston-ma
01908,boston-ma
01913,boston-ma
01915,boston-ma
01921,boston-ma
01922,boston-ma
01923,boston-ma
01929,boston-ma
01930,boston-ma
01937,boston-ma
01938,boston-ma
01940,boston-ma
01944,boston-ma
01945,boston-ma
01949,boston-ma
01950,boston-ma
01951,boston-ma
01952,boston-ma
01960,boston-ma
01966,boston-ma
01969,boston-ma
01970,boston-ma
01982,boston-ma
01983,boston-ma
01984,boston-ma
01985,boston-ma
02019,boston-ma
02021,boston-ma
02025,boston-ma
02026,boston-ma
02030,boston-ma
02032,boston-ma
02035,boston-ma
02038,boston-ma
02043,boston-ma
02045,boston-ma
02047,boston-ma
02050,boston-ma
02052,boston-ma
02053,boston-ma
02054,boston-ma
02056,boston-ma
02061,boston-ma
02062,boston-ma
02066,boston-ma
02067,boston-ma
02071,boston-ma
02072,boston-ma
02081,boston-ma
02090,boston-ma
02093,boston-ma
02108,boston-ma
02109,boston-ma
02110,boston-ma
02111,boston-ma
02113,boston-ma
02114,boston-ma
02115,boston-ma
02116,boston-ma
02118,boston-ma
02119,boston-ma
02120,boston-ma
02121,boston-ma
02122,boston-ma
02124,boston-ma
02125,boston-ma
02126,boston-ma
02127,boston-ma
02128,boston-ma
02129,boston-ma
02130,boston-ma
02131,boston-ma
02132,boston-ma
02134,boston-ma
02135,boston-ma
02136,boston-ma
02138,boston-ma
02139,boston-ma
02140,boston-ma
02141,boston-ma
02142,boston-ma
02143,boston-ma
02144,boston-ma
02145,boston-ma
02148,boston-ma
02149,boston-ma
02150,boston-ma
02151,boston-ma
02152,boston-ma
02155,boston-ma
02163,boston-ma
02169,boston-ma
02170,boston-ma
02171,boston-ma
02176,boston-ma
02180,boston-ma
02184,boston-ma
02186,boston-ma
02188,boston-ma
02189,boston-ma
02190,boston-ma
02191,boston-ma
02199,boston-ma
02203,boston-ma
02210,boston-ma
02215,boston-ma
02301,boston-ma
02302,boston-ma
02322,boston-ma
02324,boston-ma
02330,boston-ma
02332,boston-ma
02333,boston-ma
02338,boston-ma
02339,boston-ma
02341,boston-ma
02343,boston-ma
02346,boston-ma
02347,boston-ma
02351,boston-ma
02359,boston-ma
02360,boston-ma
02364,boston-ma
02366,boston-ma
02367,boston-ma
02368,boston-ma
02370,boston-ma
02379,boston-ma
02382,boston-ma
02420,boston-ma
02421,boston-ma
02445,boston-ma
02446,boston-ma
02451,boston-ma
02452,boston-ma
02453,boston-ma
02457,boston-ma
02458,boston-ma
02459,boston-ma
02460,boston-ma
02461,boston-ma
02462,boston-ma
02464,boston-ma
02465,boston-ma
02466,boston-ma
02467,boston-ma
02468,boston-ma
02472,boston-ma
02474,boston-ma
02476,boston-ma
02478,boston-ma
02481,boston-ma
02482,boston-ma
02492,boston-ma
02493,boston-ma
02494,boston-ma
02538,boston-ma
02558,boston-ma
02571,boston-ma
02576,boston-ma
02738,boston-ma
02739,boston-ma
02762,boston-ma
02770,boston-ma
06390,new-york-ny
10001,new-york-ny
10002,new-york-ny
10003,new-york-ny
10004,new-york-ny
10005,new-york-ny
10006,new-york-ny
10007,new-york-ny
10009,new-york-ny
10010,new-york-ny
10011,new-york-ny
10012,new-york-ny
10013,new-york-ny
10014,new-york-ny
10016,new-york-ny
10017,new-york-ny
10018,new-york-ny
10019,new-york-ny
10020,new-york-ny
10021,new-york-ny
10022,new-york-ny
10023,new-york-ny
10024,new-york-ny
10025,new-york-ny
10026,new-york-ny
10027,new-york-ny
10028,new-york-ny
10029,new-york-ny
10030,new-york-ny
10031,new-york-ny
10032,new-york-ny
10033,new-york-ny
10034,new-york-ny
10035,new-york-ny
10036,new-york-ny
10037,new-york-ny
10038,new-york-ny
10039,new-york-ny
10040,new-york-ny
10044,new-york-ny
10065,new-york-ny
10069,new-york-ny
10075,new-york-ny
10103,new-york-ny
10110,new-york-ny
10111,new-york-ny
10112,new-york-ny
10115,new-york-ny
10119,new-york-ny
10128,new-york-ny
10152,new-york-ny
10153,new-york-ny
10154,new-york-ny
10162,new-york-ny
10165,new-york-ny
10167,new-york-ny
10168,new-york-ny
10169,new-york-ny
10170,new-york-ny
10171,new-york-ny
10172,new-york-ny
10173,new-york-ny
10174,new-york-ny
10177,new-york-ny
10199,new-york-ny
10271,new-york-ny
10278,new-york-ny
10279,new-york-ny
10280,new-york-ny
10282,new-york-ny
10301,new-york-ny
10302,new-york-ny
10303,new-york-ny
10304,new-york-ny
10305,new-york-ny
10306,new-york-ny
10307,new-york-ny
10308,new-york-ny
10309,new-york-ny
10310,new-york-ny
10311,new-york-ny
10312,new-york-ny
10314,new-york-ny
10451,new-york-ny
10452,new-york-ny
10453,new-york-ny
10454,new-york-ny
10455,new-york-ny
10456,new-york-ny
10457,new-york-ny
10458,new-york-ny
10459,new-york-ny
10460,new-york-ny
10461,new-york-ny
10462,new-york-ny
10463,new-york-ny
10464,new-york-ny
10465,new-york-ny
10466,new-york-ny
10467,new-york-ny
10468,new-york-ny
10469,new-york-ny
10470,new-york-ny
10471,new-york-ny
10472,new-york-ny
10473,new-york-ny
10474,new-york-ny
10475,new-york-ny
10501,new-york-ny
10502,new-york-ny
10503,new-york-ny
10504,new-york-ny
10505,new-york-ny
10506,new-york-ny
10507,new-york-ny
10509,new-york-ny
10510,new-york-ny
10511,new-york-ny
10512,new-york-ny
10514,new-york-ny
10516,new-york-ny
10517,new-york-ny
10518,new-york-ny
10519,new-york-ny
10520,new-york-ny
10522,new-york-ny
10523,new-york-ny
10524,new-york-ny
10526,new-york-ny
10527,new-york-ny
10528,new-york-ny
10530,new-york-ny
10532,new-york-ny
10533,new-york-ny
10535,new-york-ny
10536,new-york-ny
10537,new-york-ny
10538,new-york-ny
10541,new-york-ny
10543,new-york-ny
10545,new-york-ny
10546,new-york-ny
10547,new-york-ny
10548,new-york-ny
10549,new-york-ny
10550,new-york-ny
10552,new-york-ny
10553,new-york-ny
10560,new-york-ny
10562,new-york-ny
10566,new-york-ny
10567,new-york-ny
10570,new-york-ny
10573,new-york-ny
10576,new-york-ny
10577,new-york-ny
10578,new-york-ny
10579,new-york-ny
10580,new-york-ny
10583,new-york-ny
10588,new-york-ny
10589,new-york-ny
10590,new-york-ny
10591,new-york-ny
10594,new-york-ny
10595,new-york-ny
10596,new-york-ny
10597,new-york-ny
10598,new-york-ny
10601,new-york-ny
10603,new-york-ny
10604,new-york-ny
10605,new-york-ny
10606,new-york-ny
10607,new-york-ny
10701,new-york-ny
10703,new-york-ny
10704,new-york-ny
10705,new-york-ny
10706,new-york-ny
10707,new-york-ny
10708,new-york-ny
10709,new-york-ny
10710,new-york-ny
10801,new-york-ny
10803,new-york-ny
10804,new-york-ny
10805,new-york-ny
10901,new-york-ny
10911,new-york-ny
10913,new-york-ny
10920,new-york-ny
10923,new-york-ny
10927,new-york-ny
10931,new-york-ny
10952,new-york-ny
10954,new-york-ny
10956,new-york-ny
10960,new-york-ny
10962,new-york-ny
10964,new-york-ny
10965,new-york-ny
10968,new-york-ny
10970,new-york-ny
10974,new-york-ny
10976,new-york-ny
10977,new-york-ny
10980,new-york-ny
10983,new-york-ny
10984,new-york-ny
10986,new-york-ny
10989,new-york-ny
10993,new-york-ny
10994,new-york-ny
11001,new-york-ny
11003,new-york-ny
11004,new-york-ny
11005,new-york-ny
11010,new-york-ny
11020,new-york-ny
11021,new-york-ny
11023,new-york-ny
11024,new-york-ny
11030,new-york-ny
11040,new-york-ny
11042,new-york-ny
11050,new-york-ny
11096,new-york-ny
11101,new-york-ny
11102,new-york-ny
11103,new-york-ny
11104,new-york-ny
11105,new-york-ny
11106,new-york-ny
11109,new-york-ny
11201,new-york-ny
11203,new-york-ny
11204,new-york-ny
11205,new-york-ny
11206,new-york-ny
11207,new-york-ny
11208,new-york-ny
11209,new-york-ny
11210,new-york-ny
11211,new-york-ny
11212,new-york-ny
11213,new-york-ny
11214,new-york-ny
11215,new-york-ny
11216,new-york-ny
11217,new-york-ny
11218,new-york-ny
11219,new-york-ny
11220,new-york-ny
11221,new-york-ny
11222,new-york-ny
11223,new-york-ny
11224,new-york-ny
11225,new-york-ny
11226,new-york-ny
11228,new-york-ny
11229,new-york-ny
11230,new-york-ny
11231,new-york-ny
11232,new-york-ny
11233,new-york-ny
11234,new-york-ny
11235,new-york-ny
11236,new-york-ny
11237,new-york-ny
11238,new-york-ny
11239,new-york-ny
11351,new-york-ny
11354,new-york-ny
11355,new-york-ny
11356,new-york-ny
11357,new-york-ny
11358,new-york-ny
11359,new-york-ny
11360,new-york-ny
11361,new-york-ny
11362,new-york-ny
11363,new-york-ny
11364,new-york-ny
11365,new-york-ny
11366,new-york-ny
11367,new-york-ny
11368,new-york-ny
11369,new-york-ny
11370,new-york-ny
11371,new-york-ny
11372,new-york-ny
11373,new-york-ny
11374,new-york-ny
11375,new-york-ny
11377,new-york-ny
11378,new-york-ny
11379,new-york-ny
11385,new-york-ny
11411,new-york-ny
11412,new-york-ny
11413,new-york-ny
11414,new-york-ny
11415,new-york-ny
11416,new-york-ny
11417,new-york-ny
11418,new-york-ny
11419,new-york-ny
11420,new-york-ny
11421,new-york-ny
11422,new-york-ny
11423,new-york-ny
11424,new-york-ny
11425,new-york-ny
11426,new-york-ny
11427,new-york-ny
11428,new-york-ny
11429,new-york-ny
11430,new-york-ny
11432,new-york-ny
11433,new-york-ny
11434,new-york-ny
11435,new-york-ny
11436,new-york-ny
11451,new-york-ny
11501,new-york-ny
11507,new-york-ny
11509,new-york-ny
11510,new-york-ny
11514,new-york-ny
11516,new-york-ny
11518,new-york-ny
11520,new-york-ny
11530,new-york-ny
11542,new-york-ny
11545,new-york-ny
11547,new-york-ny
11548,new-york-ny
11549,new-york-ny
11550,new-york-ny
11552,new-york-ny
11553,new-york-ny
11554,new-york-ny
11556,new-york-ny
11557,new-york-ny
11558,new-york-ny
11559,new-york-ny
11560,new-york-ny
11561,new-york-ny
11563,new-york-ny
11565,new-york-ny
11566,new-york-ny
11568,new-york-ny
11569,new-york-ny
11570,new-york-ny
11572,new-york-ny
11575,new-york-ny
11576,new-york-ny
11577,new-york-ny
11579,new-york-ny
11580,new-york-ny
11581,new-york-ny
11590,new-york-ny
11596,new-york-ny
11598,new-york-ny
11691,new-york-ny
11692,new-york-ny
11693,new-york-ny
11694,new-york-ny
11697,new-york-ny
11701,new-york-ny
11702,new-york-ny
11703,new-york-ny
11704,new-york-ny
11705,new-york-ny
11706,new-york-ny
11709,new-york-ny
11710,new-york-ny
11713,new-york-ny
11714,new-york-ny
11715,new-york-ny
11716,new-york-ny
11717,new-york-ny
11718,new-york-ny
11719,new-york-ny
11720,new-york-ny
11721,new-york-ny
11722,new-york-ny
11724,new-york-ny
11725,new-york-ny
11726,new-york-ny
11727,new-york-ny
11729,new-york-ny
11730,new-york-ny
11731,new-york-ny
11732,new-york-ny
11733,new-york-ny
11735,new-york-ny
11738,new-york-ny
11739,new-york-ny
11740,new-york-ny
11741,new-york-ny
11742,new-york-ny
11743,new-york-ny
11746,new-york-ny
11747,new-york-ny
11749,new-york-ny
11751,new-york-ny
11752,new-york-ny
11753,new-york-ny
11754,new-york-ny
11755,new-york-ny
11756,new-york-ny
11757,new-york-ny
11758,new-york-ny
11762,new-york-ny
11763,new-york-ny
11764,new-york-ny
11765,new-york-ny
11766,new-york-ny
11767,new-york-ny
11768,new-york-ny
11769,new-york-ny
11770,new-york-ny
11771,new-york-ny
11772,new-york-ny
11776,new-york-ny
11777,new-york-ny
11778,new-york-ny
11779,new-york-ny
11780,new-york-ny
11782,new-york-ny
11783,new-york-ny
11784,new-york-ny
11786,new-york-ny
11787,new-york-ny
11788,new-york-ny
11789,new-york-ny
11790,new-york-ny
11791,new-york-ny
11792,new-york-ny
11793,new-york-ny
11794,new-york-ny
11795,new-york-ny
11796,new-york-ny
11797,new-york-ny
11798,new-york-ny
11801,new-york-ny
11803,new-york-ny
11804,new-york-ny
11901,new-york-ny
11930,new-york-ny
11931,new-york-ny
11932,new-york-ny
11933,new-york-ny
11934,new-york-ny
11935,new-york-ny
11937,new-york-ny
11939,new-york-ny
11940,new-york-ny
11941,new-york-ny
11942,new-york-ny
11944,new-york-ny
11946,new-york-ny
11947,new-york-ny
11948,new-york-ny
11949,new-york-ny
11950,new-york-ny
11951,new-york-ny
11952,new-york-ny
11953,new-york-ny
11954,new-york-ny
11955,new-york-ny
11956,new-york-ny
11957,new-york-ny
11958,new-york-ny
11959,new-york-ny
11960,new-york-ny
11961,new-york-ny
11962,new-york-ny
11963,new-york-ny
11964,new-york-ny
11965,new-york-ny
11967,new-york-ny
11968,new-york-ny
11970,new-york-ny
11971,new-york-ny
11972,new-york-ny
11973,new-york-ny
11975,new-york-ny
11976,new-york-ny
11977,new-york-ny
11978,new-york-ny
11980,new-york-ny
12563,new-york-ny
18041,philadelphia-pa
18054,philadelphia-pa
18070,philadelphia-pa
18073,philadelphia-pa
18074,philadelphia-pa
18076,philadelphia-pa
18077,philadelphia-pa
18081,philadelphia-pa
18901,philadelphia-pa
18902,philadelphia-pa
18912,philadelphia-pa
18913,philadelphia-pa
18914,philadelphia-pa
18915,philadelphia-pa
18917,philadelphia-pa
18920,philadelphia-pa
18923,philadelphia-pa
18925,philadelphia-pa
18929,philadelphia-pa
18930,philadelphia-pa
18932,philadelphia-pa
18935,philadelphia-pa
18936,philadelphia-pa
18938,philadelphia-pa
18940,philadelphia-pa
18942,philadelphia-pa
18944,philadelphia-pa
18947,philadelphia-pa
18950,philadelphia-pa
18951,philadelphia-pa
18954,philadelphia-pa
18955,philadelphia-pa
18960,philadelphia-pa
18962,philadelphia-pa
18964,philadelphia-pa
18966,philadelphia-pa
18969,philadelphia-pa
18970,philadelphia-pa
18972,philadelphia-pa
18974,philadelphia-pa
18976,philadelphia-pa
18977,philadelphia-pa
18980,philadelphia-pa
19001,philadelphia-pa
19002,philadelphia-pa
19003,philadelphia-pa
19004,philadelphia-pa
19006,philadelphia-pa
19007,philadelphia-pa
19008,philadelphia-pa
19009,philadelphia-pa
19010,philadelphia-pa
19012,philadelphia-pa
19013,philadelphia-pa
19014,philadelphia-pa
19015,philadelphia-pa
19017,philadelphia-pa
19018,philadelphia-pa
19020,philadelphia-pa
19021,philadelphia-pa
19022,philadelphia-pa
19023,philadelphia-pa
19025,philadelphia-pa
19026,philadelphia-pa
19027,philadelphia-pa
19029,philadelphia-pa
19030,philadelphia-pa
19031,philadelphia-pa
19032,philadelphia-pa
19033,philadelphia-pa
19034,philadelphia-pa
19035,philadelphia-pa
19036,philadelphia-pa
19038,philadelphia-pa
19040,philadelphia-pa
19041,philadelphia-pa
19043,philadelphia-pa
19044,philadelphia-pa
19046,philadelphia-pa
19047,philadelphia-pa
19050,philadelphia-pa
19053,philadelphia-pa
19054,philadelphia-pa
19055,philadelphia-pa
19056,philadelphia-pa
19057,philadelphia-pa
19060,philadelphia-pa
19061,philadelphia-pa
19063,philadelphia-pa
19064,philadelphia-pa
19066,philadelphia-pa
19067,philadelphia-pa
19070,philadelphia-pa
19072,philadelphia-pa
19073,philadelphia-pa
19074,philadelphia-pa
19075,philadelphia-pa
19076,philadelphia-pa
19078,philadelphia-pa
19079,philadelphia-pa
19081,philadelphia-pa
19082,philadelphia-pa
19083,philadelphia-pa
19085,philadelphia-pa
19086,philadelphia-pa
19087,philadelphia-pa
19090,philadelphia-pa
19094,philadelphia-pa
19095,philadelphia-pa
19096,philadelphia-pa
19102,philadelphia-pa
19103,philadelphia-pa
19104,philadelphia-pa
19106,philadelphia-pa
19107,philadelphia-pa
19109,philadelphia-pa
19111,philadelphia-pa
19112,philadelphia-pa
19113,philadelphia-pa
19114,philadelphia-pa
19115,philadelphia-pa
19116,philadelphia-pa
19118,philadelphia-pa
19119,philadelphia-pa
19120,philadelphia-pa
19121,philadelphia-pa
19122,philadelphia-pa
19123,philadelphia-pa
19124,philadelphia-pa
19125,philadelphia-pa
19126,philadelphia-pa
19127,philadelphia-pa
19128,philadelphia-pa
19129,philadelphia-pa
19130,philadelphia-pa
19131,philadelphia-pa
19132,philadelphia-pa
19133,philadelphia-pa
19134,philadelphia-pa
19135,philadelphia-pa
19136,philadelphia-pa
19137,philadelphia-pa
19138,philadelphia-pa
19139,philadelphia-pa
19140,philadelphia-pa
19141,philadelphia-pa
19142,philadelphia-pa
19143,philadelphia-pa
19144,philadelphia-pa
19145,philadelphia-pa
19146,philadelphia-pa
19147,philadelphia-pa
19148,philadelphia-pa
19149,philadelphia-pa
19150,philadelphia-pa
19151,philadelphia-pa
19152,philadelphia-pa
19153,philadelphia-pa
19154,philadelphia-pa
19301,philadelphia-pa
19310,philadelphia-pa
19311,philadelphia-pa
19312,philadelphia-pa
19316,philadelphia-pa
19317,philadelphia-pa
19319,philadelphia-pa
19320,philadelphia-pa
19330,philadelphia-pa
19333,philadelphia-pa
19335,philadelphia-pa
19341,philadelphia-pa
19342,philadelphia-pa
19343,philadelphia-pa
19344,philadelphia-pa
19345,philadelphia-pa
19348,philadelphia-pa
19350,philadelphia-pa
19352,philadelphia-pa
19355,philadelphia-pa
19358,philadelphia-pa
19362,philadelphia-pa
19363,philadelphia-pa
19365,philadelphia-pa
19367,philadelphia-pa
19372,philadelphia-pa
19373,philadelphia-pa
19374,philadelphia-pa
19375,philadelphia-pa
19380,philadelphia-pa
19382,philadelphia-pa
19383,philadelphia-pa
19390,philadelphia-pa
19401,philadelphia-pa
19403,philadelphia-pa
19405,philadelphia-pa
19406,philadelphia-pa
19422,philadelphia-pa
19425,philadelphia-pa
19426,philadelphia-pa
19428,philadelphia-pa
19435,philadelphia-pa
19436,philadelphia-pa
19437,philadelphia-pa
19438,philadelphia-pa
19440,philadelphia-pa
19442,philadelphia-pa
19444,philadelphia-pa
19446,philadelphia-pa
19453,philadelphia-pa
19454,philadelphia-pa
19456,philadelphia-pa
19457,philadelphia-pa
19460,philadelphia-pa
19462,philadelphia-pa
19464,philadelphia-pa
19465,philadelphia-pa
19468,philadelphia-pa
19472,philadelphia-pa
19473,philadelphia-pa
19474,philadelphia-pa
19475,philadelphia-pa
19477,philadelphia-pa
19492,philadelphia-pa
19520,philadelphia-pa
19525,philadelphia-pa
20001,washington-dc
20002,washington-dc
20003,washington-dc
20004,washington-dc
20005,washington-dc
20006,washington-dc
20007,washington-dc
20008,washington-dc
20009,washington-dc
20010,washington-dc
20011,washington-dc
20012,washington-dc
20015,washington-dc
20016,washington-dc
20017,washington-dc
20018,washington-dc
20019,washington-dc
20020,washington-dc
20024,washington-dc
20032,washington-dc
20036,washington-dc
20037,washington-dc
20052,washington-dc
20057,washington-dc
20064,washington-dc
20307,washington-dc
20317,washington-dc
20319,washington-dc
20373,washington-dc
20390,washington-dc
20535,washington-dc
20701,baltimore-md
20711,baltimore-md
20723,baltimore-md
20724,baltimore-md
20733,baltimore-md
20751,baltimore-md
20755,baltimore-md
20758,baltimore-md
20759,baltimore-md
20763,baltimore-md
20764,baltimore-md
20765,baltimore-md
20776,baltimore-md
20777,baltimore-md
20778,baltimore-md
20779,baltimore-md
20794,baltimore-md
21001,baltimore-md
21005,baltimore-md
21009,baltimore-md
21010,baltimore-md
21012,baltimore-md
21013,baltimore-md
21014,baltimore-md
21015,baltimore-md
21017,baltimore-md
21028,baltimore-md
21029,baltimore-md
21030,baltimore-md
21031,baltimore-md
21032,baltimore-md
21034,baltimore-md
21035,baltimore-md
21036,baltimore-md
21037,baltimore-md
21040,baltimore-md
21042,baltimore-md
21043,baltimore-md
21044,baltimore-md
21045,baltimore-md
21046,baltimore-md
21047,baltimore-md
21048,baltimore-md
21050,baltimore-md
21051,baltimore-md
21052,baltimore-md
21053,baltimore-md
21054,baltimore-md
21056,baltimore-md
21057,baltimore-md
21060,baltimore-md
21061,baltimore-md
21071,baltimore-md
21074,baltimore-md
21075,baltimore-md
21076,baltimore-md
21077,baltimore-md
21078,baltimore-md
21082,baltimore-md
21084,baltimore-md
21085,baltimore-md
21087,baltimore-md
21090,baltimore-md
21093,baltimore-md
21102,baltimore-md
21104,baltimore-md
21105,baltimore-md
21108,baltimore-md
21111,baltimore-md
21113,baltimore-md
21114,baltimore-md
21117,baltimore-md
21120,baltimore-md
21122,baltimore-md
21128,baltimore-md
21130,baltimore-md
21131,baltimore-md
21132,baltimore-md
21133,baltimore-md
21136,baltimore-md
21140,baltimore-md
21144,baltimore-md
21146,baltimore-md
21152,baltimore-md
21153,baltimore-md
21154,baltimore-md
21155,baltimore-md
21156,baltimore-md
21157,baltimore-md
21158,baltimore-md
21160,baltimore-md
21161,baltimore-md
21162,baltimore-md
21163,baltimore-md
21201,baltimore-md
21202,baltimore-md
21204,baltimore-md
21205,baltimore-md
21206,baltimore-md
21207,baltimore-md
21208,baltimore-md
21209,baltimore-md
21210,baltimore-md
21211,baltimore-md
21212,baltimore-md
21213,baltimore-md
21214,baltimore-md
21215,baltimore-md
21216,baltimore-md
21217,baltimore-md
21218,baltimore-md
21219,baltimore-md
21220,baltimore-md
21221,baltimore-md
21222,baltimore-md
21223,baltimore-md
21224,baltimore-md
21225,baltimore-md
21226,baltimore-md
21227,baltimore-md
21228,baltimore-md
21229,baltimore-md
21230,baltimore-md
21231,baltimore-md
21234,baltimore-md
21236,baltimore-md
21237,baltimore-md
21239,baltimore-md
21240,baltimore-md
21244,baltimore-md
21250,baltimore-md
21251,baltimore-md
21252,baltimore-md
21286,baltimore-md
21401,baltimore-md
21402,baltimore-md
21403,baltimore-md
21405,baltimore-md
21409,baltimore-md
21607,baltimore-md
21617,baltimore-md
21619,baltimore-md
21623,baltimore-md
21628,baltimore-md
21638,baltimore-md
21644,baltimore-md
21651,baltimore-md
21657,baltimore-md
21658,baltimore-md
21666,baltimore-md
21668,baltimore-md
21723,baltimore-md
21737,baltimore-md
21738,baltimore-md
21757,baltimore-md
21776,baltimore-md
21784,baltimore-md
21787,baltimore-md
21791,baltimore-md
21794,baltimore-md
21797,baltimore-md
28006,charlotte-nc
28007,charlotte-nc
28012,charlotte-nc
28016,charlotte-nc
28021,charlotte-nc
28025,charlotte-nc
28027,charlotte-nc
28031,charlotte-nc
28032,charlotte-nc
28034,charlotte-nc
28036,charlotte-nc
28052,charlotte-nc
28054,charlotte-nc
28056,charlotte-nc
28075,charlotte-nc
28077,charlotte-nc
28078,charlotte-nc
28079,charlotte-nc
28081,charlotte-nc
28083,charlotte-nc
28091,charlotte-nc
28098,charlotte-nc
28101,charlotte-nc
28102,charlotte-nc
28103,charlotte-nc
28104,charlotte-nc
28105,charlotte-nc
28107,charlotte-nc
28108,charlotte-nc
28110,charlotte-nc
28112,charlotte-nc
28119,charlotte-nc
28120,charlotte-nc
28124,charlotte-nc
28133,charlotte-nc
28134,charlotte-nc
28135,charlotte-nc
28164,charlotte-nc
28169,charlotte-nc
28170,charlotte-nc
28173,charlotte-nc
28174,charlotte-nc
28202,charlotte-nc
28203,charlotte-nc
28204,charlotte-nc
28205,charlotte-nc
28206,charlotte-nc
28207,charlotte-nc
28208,charlotte-nc
28209,charlotte-nc
28210,charlotte-nc
28211,charlotte-nc
28212,charlotte-nc
28213,charlotte-nc
28214,charlotte-nc
28215,charlotte-nc
28216,charlotte-nc
28217,charlotte-nc
28226,charlotte-nc
28227,charlotte-nc
28244,charlotte-nc
28262,charlotte-nc
28269,charlotte-nc
28270,charlotte-nc
28273,charlotte-nc
28277,charlotte-nc
28278,charlotte-nc
28280,charlotte-nc
28282,charlotte-nc
30002,atlanta-ga
30004,atlanta-ga
30005,atlanta-ga
30008,atlanta-ga
30009,atlanta-ga
30011,atlanta-ga
30012,atlanta-ga
30013,atlanta-ga
30014,atlanta-ga
30016,atlanta-ga
30017,atlanta-ga
30019,atlanta-ga
30021,atlanta-ga
30022,atlanta-ga
30024,atlanta-ga
30025,atlanta-ga
30028,atlanta-ga
30030,atlanta-ga
30032,atlanta-ga
30033,atlanta-ga
30034,atlanta-ga
30035,atlanta-ga
30038,atlanta-ga
30039,atlanta-ga
30040,atlanta-ga
30041,atlanta-ga
30043,atlanta-ga
30044,atlanta-ga
30045,atlanta-ga
30046,atlanta-ga
30047,atlanta-ga
30052,atlanta-ga
30054,atlanta-ga
30055,atlanta-ga
30056,atlanta-ga
30058,atlanta-ga
30060,atlanta-ga
30062,atlanta-ga
30064,atlanta-ga
30066,atlanta-ga
30067,atlanta-ga
30068,atlanta-ga
30070,atlanta-ga
30071,atlanta-ga
30072,atlanta-ga
30075,atlanta-ga
30076,atlanta-ga
30078,atlanta-ga
30079,atlanta-ga
30080,atlanta-ga
30082,atlanta-ga
30083,atlanta-ga
30084,atlanta-ga
30087,atlanta-ga
30088,atlanta-ga
30092,atlanta-ga
30093,atlanta-ga
30094,atlanta-ga
30096,atlanta-ga
30097,atlanta-ga
30101,atlanta-ga
30102,atlanta-ga
30103,atlanta-ga
30106,atlanta-ga
30107,atlanta-ga
30108,atlanta-ga
30110,atlanta-ga
30113,atlanta-ga
30114,atlanta-ga
30115,atlanta-ga
30116,atlanta-ga
30117,atlanta-ga
30118,atlanta-ga
30120,atlanta-ga
30121,atlanta-ga
30122,atlanta-ga
30126,atlanta-ga
30127,atlanta-ga
30132,atlanta-ga
30134,atlanta-ga
30135,atlanta-ga
30137,atlanta-ga
30141,atlanta-ga
30143,atlanta-ga
30144,atlanta-ga
30145,atlanta-ga
30148,atlanta-ga
30152,atlanta-ga
30157,atlanta-ga
30168,atlanta-ga
30170,atlanta-ga
30171,atlanta-ga
30175,atlanta-ga
30176,atlanta-ga
30177,atlanta-ga
30178,atlanta-ga
30179,atlanta-ga
30180,atlanta-ga
30182,atlanta-ga
30183,atlanta-ga
30184,atlanta-ga
30185,atlanta-ga
30187,atlanta-ga
30188,atlanta-ga
30189,atlanta-ga
30204,atlanta-ga
30205,atlanta-ga
30206,atlanta-ga
30213,atlanta-ga
30214,atlanta-ga
30215,atlanta-ga
30216,atlanta-ga
30217,atlanta-ga
30218,atlanta-ga
30220,atlanta-ga
30222,atlanta-ga
30223,atlanta-ga
30224,atlanta-ga
30228,atlanta-ga
30233,atlanta-ga
30234,atlanta-ga
30236,atlanta-ga
30238,atlanta-ga
30248,atlanta-ga
30250,atlanta-ga
30251,atlanta-ga
30252,atlanta-ga
30253,atlanta-ga
30256,atlanta-ga
30257,atlanta-ga
30258,atlanta-ga
30259,atlanta-ga
30260,atlanta-ga
30263,atlanta-ga
30265,atlanta-ga
30268,atlanta-ga
30269,atlanta-ga
30273,atlanta-ga
30274,atlanta-ga
30275,atlanta-ga
30276,atlanta-ga
30277,atlanta-ga
30281,atlanta-ga
30284,atlanta-ga
30288,atlanta-ga
30289,atlanta-ga
30290,atlanta-ga
30291,atlanta-ga
30292,atlanta-ga
30293,atlanta-ga
30294,atlanta-ga
30295,atlanta-ga
30296,atlanta-ga
30297,atlanta-ga
30303,atlanta-ga
30305,atlanta-ga
30306,atlanta-ga
30307,atlanta-ga
30308,atlanta-ga
30309,atlanta-ga
30310,atlanta-ga
30311,atlanta-ga
30312,atlanta-ga
30313,atlanta-ga
30314,atlanta-ga
30315,atlanta-ga
30316,atlanta-ga
30317,atlanta-ga
30318,atlanta-ga
30319,atlanta-ga
30322,atlanta-ga
30324,atlanta-ga
30326,atlanta-ga
30327,atlanta-ga
30328,atlanta-ga
30329,atlanta-ga
30331,atlanta-ga
30332,atlanta-ga
30334,atlanta-ga
30336,atlanta-ga
30337,atlanta-ga
30338,atlanta-ga
30339,atlanta-ga
30340,atlanta-ga
30341,atlanta-ga
30342,atlanta-ga
30344,atlanta-ga
30345,atlanta-ga
30346,atlanta-ga
30349,atlanta-ga
30350,atlanta-ga
30354,atlanta-ga
30360,atlanta-ga
30363,atlanta-ga
30518,atlanta-ga
30519,atlanta-ga
30534,atlanta-ga
30620,atlanta-ga
30623,atlanta-ga
30641,atlanta-ga
30655,atlanta-ga
30656,atlanta-ga
30666,atlanta-ga
30680,atlanta-ga
31038,atlanta-ga
31064,atlanta-ga
31085,atlanta-ga
31816,atlanta-ga
31830,atlanta-ga
33004,miami-fl
33009,miami-fl
33010,miami-fl
33012,miami-fl
33013,miami-fl
33014,miami-fl
33015,miami-fl
33016,miami-fl
33018,miami-fl
33019,miami-fl
33020,miami-fl
33021,miami-fl
33023,miami-fl
33024,miami-fl
33025,miami-fl
33026,miami-fl
33027,miami-fl
33028,miami-fl
33029,miami-fl
33030,miami-fl
33031,miami-fl
33032,miami-fl
33033,miami-fl
33034,miami-fl
33035,miami-fl
33039,miami-fl
33054,miami-fl
33055,miami-fl
33056,miami-fl
33060,miami-fl
33062,miami-fl
33063,miami-fl
33064,miami-fl
33065,miami-fl
33066,miami-fl
33067,miami-fl
33068,miami-fl
33069,miami-fl
33071,miami-fl
33073,miami-fl
33076,miami-fl
33101,miami-fl
33109,miami-fl
33122,miami-fl
33125,miami-fl
33126,miami-fl
33127,miami-fl
33128,miami-fl
33129,miami-fl
33130,miami-fl
33131,miami-fl
33132,miami-fl
33133,miami-fl
33134,miami-fl
33135,miami-fl
33136,miami-fl
33137,miami-fl
33138,miami-fl
33139,miami-fl
33140,miami-fl
33141,miami-fl
33142,miami-fl
33143,miami-fl
33144,miami-fl
33145,miami-fl
33146,miami-fl
33147,miami-fl
33149,miami-fl
33150,miami-fl
33154,miami-fl
33155,miami-fl
33156,miami-fl
33157,miami-fl
33158,miami-fl
33160,miami-fl
33161,miami-fl
33162,miami-fl
33165,miami-fl
33166,miami-fl
33167,miami-fl
33168,miami-fl
33169,miami-fl
33170,miami-fl
33172,miami-fl
33173,miami-fl
33174,miami-fl
33175,miami-fl
33176,miami-fl
33177,miami-fl
33178,miami-fl
33179,miami-fl
33180,miami-fl
33181,miami-fl
33182,miami-fl
33183,miami-fl
33184,miami-fl
33185,miami-fl
33186,miami-fl
33187,miami-fl
33189,miami-fl
33190,miami-fl
33193,miami-fl
33194,miami-fl
33196,miami-fl
33301,miami-fl
33304,miami-fl
33305,miami-fl
33306,miami-fl
33308,miami-fl
33309,miami-fl
33311,miami-fl
33312,miami-fl
33313,miami-fl
33314,miami-fl
33315,miami-fl
33316,miami-fl
33317,miami-fl
33319,miami-fl
33321,miami-fl
33322,miami-fl
33323,miami-fl
33324,miami-fl
33325,miami-fl
33326,miami-fl
33327,miami-fl
33328,miami-fl
33330,miami-fl
33331,miami-fl
33332,miami-fl
33334,miami-fl
33351,miami-fl
33401,miami-fl
33403,miami-fl
33404,miami-fl
33405,miami-fl
33406,miami-fl
33407,miami-fl
33408,miami-fl
33409,miami-fl
33410,miami-fl
33411,miami-fl
33412,miami-fl
33413,miami-fl
33414,miami-fl
33415,miami-fl
33417,miami-fl
33418,miami-fl
33426,miami-fl
33428,miami-fl
33430,miami-fl
33431,miami-fl
33432,miami-fl
33433,miami-fl
33434,miami-fl
33435,miami-fl
33436,miami-fl
33437,miami-fl
33438,miami-fl
33441,miami-fl
33442,miami-fl
33444,miami-fl
33445,miami-fl
33446,miami-fl
33449,miami-fl
33458,miami-fl
33460,miami-fl
33461,miami-fl
33462,miami-fl
33463,miami-fl
33467,miami-fl
33469,miami-fl
33470,miami-fl
33472,miami-fl
33473,miami-fl
33476,miami-fl
33477,miami-fl
33478,miami-fl
33480,miami-fl
33483,miami-fl
33484,miami-fl
33486,miami-fl
33487,miami-fl
33493,miami-fl
33496,miami-fl
33498,miami-fl
55001,minneapolis-mn
55003,minneapolis-mn
55005,minneapolis-mn
55006,minneapolis-mn
55008,minneapolis-mn
55011,minneapolis-mn
55012,minneapolis-mn
55013,minneapolis-mn
55014,minneapolis-mn
55016,minneapolis-mn
55017,minneapolis-mn
55020,minneapolis-mn
55024,minneapolis-mn
55025,minneapolis-mn
55029,minneapolis-mn
55031,minneapolis-mn
55032,minneapolis-mn
55033,minneapolis-mn
55038,minneapolis-mn
55040,minneapolis-mn
55042,minneapolis-mn
55043,minneapolis-mn
55044,minneapolis-mn
55045,minneapolis-mn
55047,minneapolis-mn
55054,minneapolis-mn
55055,minneapolis-mn
55056,minneapolis-mn
55065,minneapolis-mn
55068,minneapolis-mn
55069,minneapolis-mn
55070,minneapolis-mn
55071,minneapolis-mn
55073,minneapolis-mn
55074,minneapolis-mn
55075,minneapolis-mn
55076,minneapolis-mn
55077,minneapolis-mn
55079,minneapolis-mn
55080,minneapolis-mn
55082,minneapolis-mn
55084,minneapolis-mn
55085,minneapolis-mn
55090,minneapolis-mn
55092,minneapolis-mn
55101,minneapolis-mn
55102,minneapolis-mn
55103,minneapolis-mn
55104,minneapolis-mn
55105,minneapolis-mn
55106,minneapolis-mn
55107,minneapolis-mn
55108,minneapolis-mn
55109,minneapolis-mn
55110,minneapolis-mn
55111,minneapolis-mn
55112,minneapolis-mn
55113,minneapolis-mn
55114,minneapolis-mn
55115,minneapolis-mn
55116,minneapolis-mn
55117,minneapolis-mn
55118,minneapolis-mn
55119,minneapolis-mn
55120,minneapolis-mn
55121,minneapolis-mn
55122,minneapolis-mn
55123,minneapolis-mn
55124,minneapolis-mn
55125,minneapolis-mn
55126,minneapolis-mn
55127,minneapolis-mn
55128,minneapolis-mn
55129,minneapolis-mn
55130,minneapolis-mn
55150,minneapolis-mn
55155,minneapolis-mn
55301,minneapolis-mn
55302,minneapolis-mn
55303,minneapolis-mn
55304,minneapolis-mn
55305,minneapolis-mn
55306,minneapolis-mn
55308,minneapolis-mn
55309,minneapolis-mn
55311,minneapolis-mn
55313,minneapolis-mn
55315,minneapolis-mn
55316,minneapolis-mn
55317,minneapolis-mn
55318,minneapolis-mn
55319,minneapolis-mn
55320,minneapolis-mn
55321,minneapolis-mn
55322,minneapolis-mn
55327,minneapolis-mn
55328,minneapolis-mn
55330,minneapolis-mn
55331,minneapolis-mn
55337,minneapolis-mn
55339,minneapolis-mn
55340,minneapolis-mn
55341,minneapolis-mn
55343,minneapolis-mn
55344,minneapolis-mn
55345,minneapolis-mn
55346,minneapolis-mn
55347,minneapolis-mn
55349,minneapolis-mn
55352,minneapolis-mn
55356,minneapolis-mn
55357,minneapolis-mn
55358,minneapolis-mn
55359,minneapolis-mn
55360,minneapolis-mn
55362,minneapolis-mn
55363,minneapolis-mn
55364,minneapolis-mn
55367,minneapolis-mn
55368,minneapolis-mn
55369,minneapolis-mn
55372,minneapolis-mn
55373,minneapolis-mn
55374,minneapolis-mn
55375,minneapolis-mn
55376,minneapolis-mn
55378,minneapolis-mn
55379,minneapolis-mn
55384,minneapolis-mn
55386,minneapolis-mn
55387,minneapolis-mn
55388,minneapolis-mn
55390,minneapolis-mn
55391,minneapolis-mn
55397,minneapolis-mn
55398,minneapolis-mn
55401,minneapolis-mn
55402,minneapolis-mn
55403,minneapolis-mn
55404,minneapolis-mn
55405,minneapolis-mn
55406,minneapolis-mn
55407,minneapolis-mn
55408,minneapolis-mn
55409,minneapolis-mn
55410,minneapolis-mn
55411,minneapolis-mn
55412,minneapolis-mn
55413,minneapolis-mn
55414,minneapolis-mn
55415,minneapolis-mn
55416,minneapolis-mn
55417,minneapolis-mn
55418,minneapolis-mn
55419,minneapolis-mn
55420,minneapolis-mn
55421,minneapolis-mn
55422,minneapolis-mn
55423,minneapolis-mn
55424,minneapolis-mn
55425,minneapolis-mn
55426,minneapolis-mn
55427,minneapolis-mn
55428,minneapolis-mn
55429,minneapolis-mn
55430,minneapolis-mn
55431,minneapolis-mn
55432,minneapolis-mn
55433,minneapolis-mn
55434,minneapolis-mn
55435,minneapolis-mn
55436,minneapolis-mn
55437,minneapolis-mn
55438,minneapolis-mn
55439,minneapolis-mn
55441,minneapolis-mn
55442,minneapolis-mn
55443,minneapolis-mn
55444,minneapolis-mn
55445,minneapolis-mn
55446,minneapolis-mn
55447,minneapolis-mn
55448,minneapolis-mn
55449,minneapolis-mn
55450,minneapolis-mn
55454,minneapolis-mn
55455,minneapolis-mn
56011,minneapolis-mn
56071,minneapolis-mn
56304,minneapolis-mn
60002,chicago-il
60004,chicago-il
60005,chicago-il
60007,chicago-il
60008,chicago-il
60010,chicago-il
60012,chicago-il
60013,chicago-il
60014,chicago-il
60015,chicago-il
60016,chicago-il
60018,chicago-il
60020,chicago-il
60021,chicago-il
60022,chicago-il
60025,chicago-il
60026,chicago-il
60029,chicago-il
60030,chicago-il
60031,chicago-il
60033,chicago-il
60034,chicago-il
60035,chicago-il
60040,chicago-il
60041,chicago-il
60042,chicago-il
60043,chicago-il
60044,chicago-il
60045,chicago-il
60046,chicago-il
60047,chicago-il
60048,chicago-il
60050,chicago-il
60051,chicago-il
60053,chicago-il
60056,chicago-il
60060,chicago-il
60061,chicago-il
60062,chicago-il
60064,chicago-il
60067,chicago-il
60068,chicago-il
60069,chicago-il
60070,chicago-il
60071,chicago-il
60072,chicago-il
60073,chicago-il
60074,chicago-il
60076,chicago-il
60077,chicago-il
60081,chicago-il
60083,chicago-il
60084,chicago-il
60085,chicago-il
60087,chicago-il
60088,chicago-il
60089,chicago-il
60090,chicago-il
60091,chicago-il
60093,chicago-il
60096,chicago-il
60097,chicago-il
60098,chicago-il
60099,chicago-il
60101,chicago-il
60102,chicago-il
60103,chicago-il
60104,chicago-il
60106,chicago-il
60107,chicago-il
60108,chicago-il
60109,chicago-il
60110,chicago-il
60111,chicago-il
60112,chicago-il
60115,chicago-il
60118,chicago-il
60119,chicago-il
60120,chicago-il
60123,chicago-il
60124,chicago-il
60126,chicago-il
60129,chicago-il
60130,chicago-il
60131,chicago-il
60133,chicago-il
60134,chicago-il
60135,chicago-il
60136,chicago-il
60137,chicago-il
60139,chicago-il
60140,chicago-il
60141,chicago-il
60142,chicago-il
60143,chicago-il
60144,chicago-il
60145,chicago-il
60146,chicago-il
60148,chicago-il
60150,chicago-il
60151,chicago-il
60152,chicago-il
60153,chicago-il
60154,chicago-il
60155,chicago-il
60156,chicago-il
60157,chicago-il
60160,chicago-il
60162,chicago-il
60163,chicago-il
60164,chicago-il
60165,chicago-il
60169,chicago-il
60171,chicago-il
60172,chicago-il
60173,chicago-il
60174,chicago-il
60175,chicago-il
60176,chicago-il
60177,chicago-il
60178,chicago-il
60180,chicago-il
60181,chicago-il
60184,chicago-il
60185,chicago-il
60187,chicago-il
60188,chicago-il
60189,chicago-il
60190,chicago-il
60191,chicago-il
60192,chicago-il
60193,chicago-il
60194,chicago-il
60195,chicago-il
60201,chicago-il
60202,chicago-il
60203,chicago-il
60301,chicago-il
60302,chicago-il
60304,chicago-il
60305,chicago-il
60401,chicago-il
60402,chicago-il
60403,chicago-il
60404,chicago-il
60406,chicago-il
60407,chicago-il
60408,chicago-il
60409,chicago-il
60410,chicago-il
60411,chicago-il
60415,chicago-il
60416,chicago-il
60417,chicago-il
60419,chicago-il
60421,chicago-il
60422,chicago-il
60423,chicago-il
60424,chicago-il
60425,chicago-il
60426,chicago-il
60428,chicago-il
60429,chicago-il
60430,chicago-il
60431,chicago-il
60432,chicago-il
60433,chicago-il
60435,chicago-il
60436,chicago-il
60437,chicago-il
60438,chicago-il
60439,chicago-il
60440,chicago-il
60441,chicago-il
60442,chicago-il
60443,chicago-il
60444,chicago-il
60445,chicago-il
60446,chicago-il
60447,chicago-il
60448,chicago-il
60449,chicago-il
60450,chicago-il
60451,chicago-il
60452,chicago-il
60453,chicago-il
60455,chicago-il
60456,chicago-il
60457,chicago-il
60458,chicago-il
60459,chicago-il
60461,chicago-il
60462,chicago-il
60463,chicago-il
60464,chicago-il
60465,chicago-il
60466,chicago-il
60467,chicago-il
60468,chicago-il
60469,chicago-il
60471,chicago-il
60472,chicago-il
60473,chicago-il
60474,chicago-il
60475,chicago-il
60476,chicago-il
60477,chicago-il
60478,chicago-il
60479,chicago-il
60480,chicago-il
60481,chicago-il
60482,chicago-il
60484,chicago-il
60487,chicago-il
60490,chicago-il
60491,chicago-il
60501,chicago-il
60502,chicago-il
60503,chicago-il
60504,chicago-il
60505,chicago-il
60506,chicago-il
60510,chicago-il
60511,chicago-il
60512,chicago-il
60513,chicago-il
60514,chicago-il
60515,chicago-il
60516,chicago-il
60517,chicago-il
60519,chicago-il
60520,chicago-il
60521,chicago-il
60523,chicago-il
60525,chicago-il
60526,chicago-il
60527,chicago-il
60532,chicago-il
60534,chicago-il
60536,chicago-il
60537,chicago-il
60538,chicago-il
60539,chicago-il
60540,chicago-il
60541,chicago-il
60542,chicago-il
60543,chicago-il
60544,chicago-il
60545,chicago-il
60546,chicago-il
60548,chicago-il
60550,chicago-il
60554,chicago-il
60555,chicago-il
60556,chicago-il
60558,chicago-il
60559,chicago-il
60560,chicago-il
60561,chicago-il
60563,chicago-il
60564,chicago-il
60565,chicago-il
60585,chicago-il
60586,chicago-il
60601,chicago-il
60602,chicago-il
60603,chicago-il
60604,chicago-il
60605,chicago-il
60606,chicago-il
60607,chicago-il
60608,chicago-il
60609,chicago-il
60610,chicago-il
60611,chicago-il
60612,chicago-il
60613,chicago-il
60614,chicago-il
60615,chicago-il
60616,chicago-il
60617,chicago-il
60618,chicago-il
60619,chicago-il
60620,chicago-il
60621,chicago-il
60622,chicago-il
60623,chicago-il
60624,chicago-il
60625,chicago-il
60626,chicago-il
60628,chicago-il
60629,chicago-il
60630,chicago-il
60631,chicago-il
60632,chicago-il
60633,chicago-il
60634,chicago-il
60636,chicago-il
60637,chicago-il
60638,chicago-il
60639,chicago-il
60640,chicago-il
60641,chicago-il
60642,chicago-il
60643,chicago-il
60644,chicago-il
60645,chicago-il
60646,chicago-il
60647,chicago-il
60649,chicago-il
60651,chicago-il
60652,chicago-il
60653,chicago-il
60654,chicago-il
60655,chicago-il
60656,chicago-il
60657,chicago-il
60659,chicago-il
60660,chicago-il
60661,chicago-il
60706,chicago-il
60707,chicago-il
60712,chicago-il
60714,chicago-il
60803,chicago-il
60804,chicago-il
60805,chicago-il
60827,chicago-il
73002,oklahoma-city-ok
73003,oklahoma-city-ok
73004,oklahoma-city-ok
73007,oklahoma-city-ok
73008,oklahoma-city-ok
73010,oklahoma-city-ok
73011,oklahoma-city-ok
73012,oklahoma-city-ok
73013,oklahoma-city-ok
73014,oklahoma-city-ok
73018,oklahoma-city-ok
73019,oklahoma-city-ok
73020,oklahoma-city-ok
73025,oklahoma-city-ok
73026,oklahoma-city-ok
73027,oklahoma-city-ok
73028,oklahoma-city-ok
73034,oklahoma-city-ok
73036,oklahoma-city-ok
73044,oklahoma-city-ok
73045,oklahoma-city-ok
73049,oklahoma-city-ok
73050,oklahoma-city-ok
73051,oklahoma-city-ok
73054,oklahoma-city-ok
73056,oklahoma-city-ok
73058,oklahoma-city-ok
73059,oklahoma-city-ok
73063,oklahoma-city-ok
73064,oklahoma-city-ok
73065,oklahoma-city-ok
73066,oklahoma-city-ok
73067,oklahoma-city-ok
73068,oklahoma-city-ok
73069,oklahoma-city-ok
73071,oklahoma-city-ok
73072,oklahoma-city-ok
73073,oklahoma-city-ok
73078,oklahoma-city-ok
73079,oklahoma-city-ok
73080,oklahoma-city-ok
73082,oklahoma-city-ok
73084,oklahoma-city-ok
73089,oklahoma-city-ok
73090,oklahoma-city-ok
73092,oklahoma-city-ok
73093,oklahoma-city-ok
73095,oklahoma-city-ok
73097,oklahoma-city-ok
73099,oklahoma-city-ok
73102,oklahoma-city-ok
73103,oklahoma-city-ok
73104,oklahoma-city-ok
73105,oklahoma-city-ok
73106,oklahoma-city-ok
73107,oklahoma-city-ok
73108,oklahoma-city-ok
73109,oklahoma-city-ok
73110,oklahoma-city-ok
73111,oklahoma-city-ok
73112,oklahoma-city-ok
73114,oklahoma-city-ok
73115,oklahoma-city-ok
73116,oklahoma-city-ok
73117,oklahoma-city-ok
73118,oklahoma-city-ok
73119,oklahoma-city-ok
73120,oklahoma-city-ok
73121,oklahoma-city-ok
73122,oklahoma-city-ok
73127,oklahoma-city-ok
73128,oklahoma-city-ok
73129,oklahoma-city-ok
73130,oklahoma-city-ok
73131,oklahoma-city-ok
73132,oklahoma-city-ok
73134,oklahoma-city-ok
73135,oklahoma-city-ok
73139,oklahoma-city-ok
73141,oklahoma-city-ok
73142,oklahoma-city-ok
73145,oklahoma-city-ok
73149,oklahoma-city-ok
73150,oklahoma-city-ok
73151,oklahoma-city-ok
73159,oklahoma-city-ok
73160,oklahoma-city-ok
73162,oklahoma-city-ok
73165,oklahoma-city-ok
73169,oklahoma-city-ok
73170,oklahoma-city-ok
73173,oklahoma-city-ok
73179,oklahoma-city-ok
74026,oklahoma-city-ok
74079,oklahoma-city-ok
74824,oklahoma-city-ok
74831,oklahoma-city-ok
74832,oklahoma-city-ok
74834,oklahoma-city-ok
74855,oklahoma-city-ok
74857,oklahoma-city-ok
74864,oklahoma-city-ok
74869,oklahoma-city-ok
74875,oklahoma-city-ok
74881,oklahoma-city-ok
75001,dallas-tx
75002,dallas-tx
75006,dallas-tx
75007,dallas-tx
75009,dallas-tx
75010,dallas-tx
75013,dallas-tx
75019,dallas-tx
75022,dallas-tx
75023,dallas-tx
75024,dallas-tx
75025,dallas-tx
75028,dallas-tx
75032,dallas-tx
75034,dallas-tx
75035,dallas-tx
75038,dallas-tx
75039,dallas-tx
75040,dallas-tx
75041,dallas-tx
75042,dallas-tx
75043,dallas-tx
75044,dallas-tx
75048,dallas-tx
75050,dallas-tx
75051,dallas-tx
75052,dallas-tx
75054,dallas-tx
75056,dallas-tx
75057,dallas-tx
75060,dallas-tx
75061,dallas-tx
75062,dallas-tx
75063,dallas-tx
75065,dallas-tx
75067,dallas-tx
75068,dallas-tx
75069,dallas-tx
75070,dallas-tx
75071,dallas-tx
75074,dallas-tx
75075,dallas-tx
75077,dallas-tx
75078,dallas-tx
75080,dallas-tx
75081,dallas-tx
75082,dallas-tx
75087,dallas-tx
75088,dallas-tx
75089,dallas-tx
75093,dallas-tx
75094,dallas-tx
75098,dallas-tx
75101,dallas-tx
75104,dallas-tx
75114,dallas-tx
75115,dallas-tx
75116,dallas-tx
75119,dallas-tx
75125,dallas-tx
75126,dallas-tx
75132,dallas-tx
75134,dallas-tx
75135,dallas-tx
75137,dallas-tx
75141,dallas-tx
75142,dallas-tx
75146,dallas-tx
75147,dallas-tx
75149,dallas-tx
75150,dallas-tx
75152,dallas-tx
75154,dallas-tx
75157,dallas-tx
75158,dallas-tx
75159,dallas-tx
75160,dallas-tx
75161,dallas-tx
75164,dallas-tx
75165,dallas-tx
75166,dallas-tx
75167,dallas-tx
75172,dallas-tx
75173,dallas-tx
75180,dallas-tx
75181,dallas-tx
75182,dallas-tx
75189,dallas-tx
75201,dallas-tx
75202,dallas-tx
75203,dallas-tx
75204,dallas-tx
75205,dallas-tx
75206,dallas-tx
75207,dallas-tx
75208,dallas-tx
75209,dallas-tx
75210,dallas-tx
75211,dallas-tx
75212,dallas-tx
75214,dallas-tx
75215,dallas-tx
75216,dallas-tx
75217,dallas-tx
75218,dallas-tx
75219,dallas-tx
75220,dallas-tx
75223,dallas-tx
75224,dallas-tx
75225,dallas-tx
75226,dallas-tx
75227,dallas-tx
75228,dallas-tx
75229,dallas-tx
75230,dallas-tx
75231,dallas-tx
75232,dallas-tx
75233,dallas-tx
75234,dallas-tx
75235,dallas-tx
75236,dallas-tx
75237,dallas-tx
75238,dallas-tx
75240,dallas-tx
75241,dallas-tx
75243,dallas-tx
75244,dallas-tx
75246,dallas-tx
75247,dallas-tx
75248,dallas-tx
75249,dallas-tx
75251,dallas-tx
75252,dallas-tx
75253,dallas-tx
75254,dallas-tx
75270,dallas-tx
75287,dallas-tx
75390,dallas-tx
75401,dallas-tx
75402,dallas-tx
75407,dallas-tx
75409,dallas-tx
75415,dallas-tx
75422,dallas-tx
75423,dallas-tx
75424,dallas-tx
75428,dallas-tx
75432,dallas-tx
75441,dallas-tx
75442,dallas-tx
75448,dallas-tx
75450,dallas-tx
75453,dallas-tx
75454,dallas-tx
75469,dallas-tx
75474,dallas-tx
75496,dallas-tx
76001,dallas-tx
76002,dallas-tx
76006,dallas-tx
76008,dallas-tx
76009,dallas-tx
76010,dallas-tx
76011,dallas-tx
76012,dallas-tx
76013,dallas-tx
76014,dallas-tx
76015,dallas-tx
76016,dallas-tx
76017,dallas-tx
76018,dallas-tx
76020,dallas-tx
76021,dallas-tx
76022,dallas-tx
76023,dallas-tx
76028,dallas-tx
76031,dallas-tx
76033,dallas-tx
76034,dallas-tx
76036,dallas-tx
76039,dallas-tx
76040,dallas-tx
76041,dallas-tx
76044,dallas-tx
76050,dallas-tx
76051,dallas-tx
76052,dallas-tx
76053,dallas-tx
76054,dallas-tx
76058,dallas-tx
76059,dallas-tx
76060,dallas-tx
76061,dallas-tx
76063,dallas-tx
76064,dallas-tx
76065,dallas-tx
76066,dallas-tx
76071,dallas-tx
76073,dallas-tx
76078,dallas-tx
76082,dallas-tx
76084,dallas-tx
76085,dallas-tx
76086,dallas-tx
76087,dallas-tx
76088,dallas-tx
76092,dallas-tx
76093,dallas-tx
76102,dallas-tx
76103,dallas-tx
76104,dallas-tx
76105,dallas-tx
76106,dallas-tx
76107,dallas-tx
76108,dallas-tx
76109,dallas-tx
76110,dallas-tx
76111,dallas-tx
76112,dallas-tx
76114,dallas-tx
76115,dallas-tx
76116,dallas-tx
76117,dallas-tx
76118,dallas-tx
76119,dallas-tx
76120,dallas-tx
76123,dallas-tx
76126,dallas-tx
76127,dallas-tx
76129,dallas-tx
76131,dallas-tx
76132,dallas-tx
76133,dallas-tx
76134,dallas-tx
76135,dallas-tx
76137,dallas-tx
76140,dallas-tx
76148,dallas-tx
76155,dallas-tx
76164,dallas-tx
76177,dallas-tx
76179,dallas-tx
76180,dallas-tx
76182,dallas-tx
76201,dallas-tx
76205,dallas-tx
76207,dallas-tx
76208,dallas-tx
76209,dallas-tx
76210,dallas-tx
76225,dallas-tx
76226,dallas-tx
76227,dallas-tx
76234,dallas-tx
76244,dallas-tx
76247,dallas-tx
76248,dallas-tx
76249,dallas-tx
76258,dallas-tx
76259,dallas-tx
76262,dallas-tx
76266,dallas-tx
76426,dallas-tx
76431,dallas-tx
76487,dallas-tx
76490,dallas-tx
76511,austin-tx
76527,austin-tx
76530,austin-tx
76537,austin-tx
76573,austin-tx
76574,austin-tx
76578,austin-tx
76623,dallas-tx
76651,dallas-tx
76670,dallas-tx
77002,houston-tx
77003,houston-tx
77004,houston-tx
77005,houston-tx
77006,houston-tx
77007,houston-tx
77008,houston-tx
77009,houston-tx
77010,houston-tx
77011,houston-tx
77012,houston-tx
77013,houston-tx
77014,houston-tx
77015,houston-tx
77016,houston-tx
77017,houston-tx
77018,houston-tx
77019,houston-tx
77020,houston-tx
77021,houston-tx
77022,houston-tx
77023,houston-tx
77024,houston-tx
77025,houston-tx
77026,houston-tx
77027,houston-tx
77028,houston-tx
77029,houston-tx
77030,houston-tx
77031,houston-tx
77032,houston-tx
77033,houston-tx
77034,houston-tx
77035,houston-tx
77036,houston-tx
77037,houston-tx
77038,houston-tx
77039,houston-tx
77040,houston-tx
77041,houston-tx
77042,houston-tx
77043,houston-tx
77044,houston-tx
77045,houston-tx
77046,houston-tx
77047,houston-tx
77048,houston-tx
77049,houston-tx
77050,houston-tx
77051,houston-tx
77053,houston-tx
77054,houston-tx
77055,houston-tx
77056,houston-tx
77057,houston-tx
77058,houston-tx
77059,houston-tx
77060,houston-tx
77061,houston-tx
77062,houston-tx
77063,houston-tx
77064,houston-tx
77065,houston-tx
77066,houston-tx
77067,houston-tx
77068,houston-tx
77069,houston-tx
77070,houston-tx
77071,houston-tx
77072,houston-tx
77073,houston-tx
77074,houston-tx
77075,houston-tx
77076,houston-tx
77077,houston-tx
77078,houston-tx
77079,houston-tx
77080,houston-tx
77081,houston-tx
77082,houston-tx
77083,houston-tx
77084,houston-tx
77085,houston-tx
77086,houston-tx
77087,houston-tx
77088,houston-tx
77089,houston-tx
77090,houston-tx
77091,houston-tx
77092,houston-tx
77093,houston-tx
77094,houston-tx
77095,houston-tx
77096,houston-tx
77098,houston-tx
77099,houston-tx
77201,houston-tx
77301,houston-tx
77302,houston-tx
77303,houston-tx
77304,houston-tx
77306,houston-tx
77316,houston-tx
77318,houston-tx
77327,houston-tx
77328,houston-tx
77331,houston-tx
77336,houston-tx
77338,houston-tx
77339,houston-tx
77345,houston-tx
77346,houston-tx
77354,houston-tx
77355,houston-tx
77356,houston-tx
77357,houston-tx
77359,houston-tx
77362,houston-tx
77364,houston-tx
77365,houston-tx
77368,houston-tx
77371,houston-tx
77372,houston-tx
77373,houston-tx
77375,houston-tx
77377,houston-tx
77378,houston-tx
77379,houston-tx
77380,houston-tx
77381,houston-tx
77382,houston-tx
77384,houston-tx
77385,houston-tx
77386,houston-tx
77388,houston-tx
77389,houston-tx
77396,houston-tx
77401,houston-tx
77406,houston-tx
77407,houston-tx
77415,houston-tx
77417,houston-tx
77418,houston-tx
77422,houston-tx
77423,houston-tx
77429,houston-tx
77430,houston-tx
77433,houston-tx
77441,houston-tx
77444,houston-tx
77445,houston-tx
77446,houston-tx
77447,houston-tx
77449,houston-tx
77450,houston-tx
77451,houston-tx
77459,houston-tx
77461,houston-tx
77464,houston-tx
77466,houston-tx
77469,houston-tx
77471,houston-tx
77473,houston-tx
77474,houston-tx
77476,houston-tx
77477,houston-tx
77478,houston-tx
77479,houston-tx
77480,houston-tx
77481,houston-tx
77484,houston-tx
77485,houston-tx
77486,houston-tx
77489,houston-tx
77493,houston-tx
77494,houston-tx
77498,houston-tx
77502,houston-tx
77503,houston-tx
77504,houston-tx
77505,houston-tx
77506,houston-tx
77507,houston-tx
77510,houston-tx
77511,houston-tx
77514,houston-tx
77515,houston-tx
77517,houston-tx
77518,houston-tx
77520,houston-tx
77521,houston-tx
77523,houston-tx
77530,houston-tx
77531,houston-tx
77532,houston-tx
77533,houston-tx
77534,houston-tx
77535,houston-tx
77536,houston-tx
77538,houston-tx
77539,houston-tx
77541,houston-tx
77545,houston-tx
77546,houston-tx
77547,houston-tx
77550,houston-tx
77551,houston-tx
77554,houston-tx
77560,houston-tx
77561,houston-tx
77562,houston-tx
77563,houston-tx
77564,houston-tx
77565,houston-tx
77566,houston-tx
77568,houston-tx
77571,houston-tx
77573,houston-tx
77575,houston-tx
77577,houston-tx
77578,houston-tx
77580,houston-tx
77581,houston-tx
77583,houston-tx
77584,houston-tx
77586,houston-tx
77587,houston-tx
77590,houston-tx
77591,houston-tx
77597,houston-tx
77598,houston-tx
77617,houston-tx
77623,houston-tx
77650,houston-tx
77661,houston-tx
77665,houston-tx
77873,houston-tx
78602,austin-tx
78610,austin-tx
78612,austin-tx
78613,austin-tx
78615,austin-tx
78616,austin-tx
78617,austin-tx
78619,austin-tx
78620,austin-tx
78621,austin-tx
78622,austin-tx
78626,austin-tx
78628,austin-tx
78633,austin-tx
78634,austin-tx
78640,austin-tx
78641,austin-tx
78642,austin-tx
78644,austin-tx
78645,austin-tx
78648,austin-tx
78650,austin-tx
78652,austin-tx
78653,austin-tx
78655,austin-tx
78656,austin-tx
78659,austin-tx
78660,austin-tx
78662,austin-tx
78664,austin-tx
78665,austin-tx
78666,austin-tx
78669,austin-tx
78676,austin-tx
78681,austin-tx
78701,austin-tx
78702,austin-tx
78703,austin-tx
78704,austin-tx
78705,austin-tx
78712,austin-tx
78717,austin-tx
78719,austin-tx
78721,austin-tx
78722,austin-tx
78723,austin-tx
78724,austin-tx
78725,austin-tx
78726,austin-tx
78727,austin-tx
78728,austin-tx
78729,austin-tx
78730,austin-tx
78731,austin-tx
78732,austin-tx
78733,austin-tx
78734,austin-tx
78735,austin-tx
78736,austin-tx
78737,austin-tx
78738,austin-tx
78739,austin-tx
78741,austin-tx
78742,austin-tx
78744,austin-tx
78745,austin-tx
78746,austin-tx
78747,austin-tx
78748,austin-tx
78749,austin-tx
78750,austin-tx
78751,austin-tx
78752,austin-tx
78753,austin-tx
78754,austin-tx
78756,austin-tx
78757,austin-tx
78758,austin-tx
78759,austin-tx
78931,houston-tx
78944,houston-tx
78950,houston-tx
78953,austin-tx
78957,austin-tx
80002,denver-co
80003,denver-co
80004,denver-co
80005,denver-co
80007,denver-co
80010,denver-co
80011,denver-co
80012,denver-co
80013,denver-co
80014,denver-co
80015,denver-co
80016,denver-co
80017,denver-co
80018,denver-co
80019,denver-co
80020,denver-co
80021,denver-co
80022,denver-co
80023,denver-co
80024,denver-co
80030,denver-co
80031,denver-co
80033,denver-co
80045,denver-co
80101,denver-co
80102,denver-co
80103,denver-co
80104,denver-co
80105,denver-co
80107,denver-co
80108,denver-co
80109,denver-co
80110,denver-co
80111,denver-co
80112,denver-co
80113,denver-co
80116,denver-co
80117,denver-co
80118,denver-co
80120,denver-co
80121,denver-co
80122,denver-co
80123,denver-co
80124,denver-co
80125,denver-co
80126,denver-co
80127,denver-co
80128,denver-co
80129,denver-co
80130,denver-co
80131,denver-co
80134,denver-co
80135,denver-co
80136,denver-co
80137,denver-co
80138,denver-co
80202,denver-co
80203,denver-co
80204,denver-co
80205,denver-co
80206,denver-co
80207,denver-co
80209,denver-co
80210,denver-co
80211,denver-co
80212,denver-co
80214,denver-co
80215,denver-co
80216,denver-co
80218,denver-co
80219,denver-co
80220,denver-co
80221,denver-co
80222,denver-co
80223,denver-co
80224,denver-co
80226,denver-co
80227,denver-co
80228,denver-co
80229,denver-co
80230,denver-co
80231,denver-co
80232,denver-co
80233,denver-co
80234,denver-co
80235,denver-co
80236,denver-co
80237,denver-co
80238,denver-co
80239,denver-co
80241,denver-co
80246,denver-co
80247,denver-co
80249,denver-co
80260,denver-co
80264,denver-co
80290,denver-co
80293,denver-co
80294,denver-co
80401,denver-co
80403,denver-co
80419,denver-co
80420,denver-co
80421,denver-co
80422,denver-co
80425,denver-co
80427,denver-co
80432,denver-co
80433,denver-co
80436,denver-co
80438,denver-co
80439,denver-co
80440,denver-co
80444,denver-co
80448,denver-co
80449,denver-co
80452,denver-co
80453,denver-co
80454,denver-co
80456,denver-co
80457,denver-co
80465,denver-co
80470,denver-co
80475,denver-co
80476,denver-co
80601,denver-co
80602,denver-co
80640,denver-co
80820,denver-co
80827,denver-co
80830,denver-co
80835,denver-co
90001,los-angeles-ca
90002,los-angeles-ca
90003,los-angeles-ca
90004,los-angeles-ca
90005,los-angeles-ca
90006,los-angeles-ca
90007,los-angeles-ca
90008,los-angeles-ca
90010,los-angeles-ca
90011,los-angeles-ca
90012,los-angeles-ca
90013,los-angeles-ca
90014,los-angeles-ca
90015,los-angeles-ca
90016,los-angeles-ca
90017,los-angeles-ca
90018,los-angeles-ca
90019,los-angeles-ca
90020,los-angeles-ca
90021,los-angeles-ca
90022,los-angeles-ca
90023,los-angeles-ca
90024,los-angeles-ca
90025,los-angeles-ca
90026,los-angeles-ca
90027,los-angeles-ca
90028,los-angeles-ca
90029,los-angeles-ca
90031,los-angeles-ca
90032,los-angeles-ca
90033,los-angeles-ca
90034,los-angeles-ca
90035,los-angeles-ca
90036,los-angeles-ca
90037,los-angeles-ca
90038,los-angeles-ca
90039,los-angeles-ca
90040,los-angeles-ca
90041,los-angeles-ca
90042,los-angeles-ca
90043,los-angeles-ca
90044,los-angeles-ca
90045,los-angeles-ca
90046,los-angeles-ca
90047,los-angeles-ca
90048,los-angeles-ca
90049,los-angeles-ca
90056,los-angeles-ca
90057,los-angeles-ca
90058,los-angeles-ca
90059,los-angeles-ca
90061,los-angeles-ca
90062,los-angeles-ca
90063,los-angeles-ca
90064,los-angeles-ca
90065,los-angeles-ca
90066,los-angeles-ca
90067,los-angeles-ca
90068,los-angeles-ca
90069,los-angeles-ca
90071,los-angeles-ca
90073,los-angeles-ca
90077,los-angeles-ca
90079,los-angeles-ca
90089,los-angeles-ca
90090,los-angeles-ca
90094,los-angeles-ca
90095,los-angeles-ca
90201,los-angeles-ca
90210,los-angeles-ca
90211,los-angeles-ca
90212,los-angeles-ca
90220,los-angeles-ca
90221,los-angeles-ca
90222,los-angeles-ca
90230,los-angeles-ca
90232,los-angeles-ca
90240,los-angeles-ca
90241,los-angeles-ca
90242,los-angeles-ca
90245,los-angeles-ca
90247,los-angeles-ca
90248,los-angeles-ca
90249,los-angeles-ca
90250,los-angeles-ca
90254,los-angeles-ca
90255,los-angeles-ca
90260,los-angeles-ca
90262,los-angeles-ca
90263,los-angeles-ca
90265,los-angeles-ca
90266,los-angeles-ca
90270,los-angeles-ca
90272,los-angeles-ca
90274,los-angeles-ca
90275,los-angeles-ca
90277,los-angeles-ca
90278,los-angeles-ca
90280,los-angeles-ca
90290,los-angeles-ca
90291,los-angeles-ca
90292,los-angeles-ca
90293,los-angeles-ca
90301,los-angeles-ca
90302,los-angeles-ca
90303,los-angeles-ca
90304,los-angeles-ca
90305,los-angeles-ca
90401,los-angeles-ca
90402,los-angeles-ca
90403,los-angeles-ca
90404,los-angeles-ca
90405,los-angeles-ca
90501,los-angeles-ca
90502,los-angeles-ca
90503,los-angeles-ca
90504,los-angeles-ca
90505,los-angeles-ca
90506,los-angeles-ca
90601,los-angeles-ca
90602,los-angeles-ca
90603,los-angeles-ca
90604,los-angeles-ca
90605,los-angeles-ca
90606,los-angeles-ca
90620,los-angeles-ca
90621,los-angeles-ca
90623,los-angeles-ca
90630,los-angeles-ca
90631,los-angeles-ca
90638,los-angeles-ca
90640,los-angeles-ca
90650,los-angeles-ca
90660,los-angeles-ca
90670,los-angeles-ca
90680,los-angeles-ca
90701,los-angeles-ca
90703,los-angeles-ca
90704,los-angeles-ca
90706,los-angeles-ca
90710,los-angeles-ca
90712,los-angeles-ca
90713,los-angeles-ca
90715,los-angeles-ca
90716,los-angeles-ca
90717,los-angeles-ca
90720,los-angeles-ca
90723,los-angeles-ca
90731,los-angeles-ca
90732,los-angeles-ca
90740,los-angeles-ca
90742,los-angeles-ca
90743,los-angeles-ca
90744,los-angeles-ca
90745,los-angeles-ca
90746,los-angeles-ca
90747,los-angeles-ca
90755,los-angeles-ca
90802,los-angeles-ca
90803,los-angeles-ca
90804,los-angeles-ca
90805,los-angeles-ca
90806,los-angeles-ca
90807,los-angeles-ca
90808,los-angeles-ca
90810,los-angeles-ca
90813,los-angeles-ca
90814,los-angeles-ca
90815,los-angeles-ca
90822,los-angeles-ca
90831,los-angeles-ca
91001,los-angeles-ca
91006,los-angeles-ca
91007,los-angeles-ca
91008,los-angeles-ca
91010,los-angeles-ca
91011,los-angeles-ca
91016,los-angeles-ca
91020,los-angeles-ca
91024,los-angeles-ca
91030,los-angeles-ca
91040,los-angeles-ca
91042,los-angeles-ca
91046,los-angeles-ca
91101,los-angeles-ca
91103,los-angeles-ca
91104,los-angeles-ca
91105,los-angeles-ca
91106,los-angeles-ca
91107,los-angeles-ca
91108,los-angeles-ca
91201,los-angeles-ca
91202,los-angeles-ca
91203,los-angeles-ca
91204,los-angeles-ca
91205,los-angeles-ca
91206,los-angeles-ca
91207,los-angeles-ca
91208,los-angeles-ca
91210,los-angeles-ca
91214,los-angeles-ca
91301,los-angeles-ca
91302,los-angeles-ca
91303,los-angeles-ca
91304,los-angeles-ca
91306,los-angeles-ca
91307,los-angeles-ca
91311,los-angeles-ca
91316,los-angeles-ca
91321,los-angeles-ca
91324,los-angeles-ca
91325,los-angeles-ca
91326,los-angeles-ca
91330,los-angeles-ca
91331,los-angeles-ca
91335,los-angeles-ca
91340,los-angeles-ca
91342,los-angeles-ca
91343,los-angeles-ca
91344,los-angeles-ca
91345,los-angeles-ca
91350,los-angeles-ca
91351,los-angeles-ca
91352,los-angeles-ca
91354,los-angeles-ca
91355,los-angeles-ca
91356,los-angeles-ca
91364,los-angeles-ca
91367,los-angeles-ca
91371,los-angeles-ca
91381,los-angeles-ca
91384,los-angeles-ca
91387,los-angeles-ca
91390,los-angeles-ca
91401,los-angeles-ca
91402,los-angeles-ca
91403,los-angeles-ca
91405,los-angeles-ca
91406,los-angeles-ca
91411,los-angeles-ca
91423,los-angeles-ca
91436,los-angeles-ca
91501,los-angeles-ca
91502,los-angeles-ca
91504,los-angeles-ca
91505,los-angeles-ca
91506,los-angeles-ca
91601,los-angeles-ca
91602,los-angeles-ca
91604,los-angeles-ca
91605,los-angeles-ca
91606,los-angeles-ca
91607,los-angeles-ca
91608,los-angeles-ca
91702,los-angeles-ca
91706,los-angeles-ca
91711,los-angeles-ca
91722,los-angeles-ca
91723,los-angeles-ca
91724,los-angeles-ca
91731,los-angeles-ca
91732,los-angeles-ca
91733,los-angeles-ca
91740,los-angeles-ca
91741,los-angeles-ca
91744,los-angeles-ca
91745,los-angeles-ca
91746,los-angeles-ca
91748,los-angeles-ca
91750,los-angeles-ca
91754,los-angeles-ca
91755,los-angeles-ca
91765,los-angeles-ca
91766,los-angeles-ca
91767,los-angeles-ca
91768,los-angeles-ca
91770,los-angeles-ca
91773,los-angeles-ca
91775,los-angeles-ca
91776,los-angeles-ca
91780,los-angeles-ca
91789,los-angeles-ca
91790,los-angeles-ca
91791,los-angeles-ca
91792,los-angeles-ca
91801,los-angeles-ca
91803,los-angeles-ca
92602,los-angeles-ca
92603,los-angeles-ca
92604,los-angeles-ca
92606,los-angeles-ca
92610,los-angeles-ca
92612,los-angeles-ca
92614,los-angeles-ca
92617,los-angeles-ca
92618,los-angeles-ca
92620,los-angeles-ca
92624,los-angeles-ca
92625,los-angeles-ca
92626,los-angeles-ca
92627,los-angeles-ca
92629,los-angeles-ca
92630,los-angeles-ca
92637,los-angeles-ca
92646,los-angeles-ca
92647,los-angeles-ca
92648,los-angeles-ca
92649,los-angeles-ca
92651,los-angeles-ca
92653,los-angeles-ca
92655,los-angeles-ca
92656,los-angeles-ca
92657,los-angeles-ca
92660,los-angeles-ca
92661,los-angeles-ca
92662,los-angeles-ca
92663,los-angeles-ca
92672,los-angeles-ca
92673,los-angeles-ca
92675,los-angeles-ca
92676,los-angeles-ca
92677,los-angeles-ca
92678,los-angeles-ca
92679,los-angeles-ca
92683,los-angeles-ca
92688,los-angeles-ca
92691,los-angeles-ca
92692,los-angeles-ca
92694,los-angeles-ca
92701,los-angeles-ca
92703,los-angeles-ca
92704,los-angeles-ca
92705,los-angeles-ca
92706,los-angeles-ca
92707,los-angeles-ca
92708,los-angeles-ca
92780,los-angeles-ca
92782,los-angeles-ca
92801,los-angeles-ca
92802,los-angeles-ca
92804,los-angeles-ca
92805,los-angeles-ca
92806,los-angeles-ca
92807,los-angeles-ca
92808,los-angeles-ca
92821,los-angeles-ca
92823,los-angeles-ca
92831,los-angeles-ca
92832,los-angeles-ca
92833,los-angeles-ca
92835,los-angeles-ca
92840,los-angeles-ca
92841,los-angeles-ca
92843,los-angeles-ca
92844,los-angeles-ca
92845,los-angeles-ca
92861,los-angeles-ca
92865,los-angeles-ca
92866,los-angeles-ca
92867,los-angeles-ca
92868,los-angeles-ca
92869,los-angeles-ca
92870,los-angeles-ca
92886,los-angeles-ca
92887,los-angeles-ca
93510,los-angeles-ca
93532,los-angeles-ca
93534,los-angeles-ca
93535,los-angeles-ca
93536,los-angeles-ca
93543,los-angeles-ca
93544,los-angeles-ca
93550,los-angeles-ca
93551,los-angeles-ca
93552,los-angeles-ca
93553,los-angeles-ca
93563,los-angeles-ca
93591,los-angeles-ca
94002,san-francisco-ca
94005,san-francisco-ca
94010,san-francisco-ca
94014,san-francisco-ca
94015,san-francisco-ca
94019,san-francisco-ca
94020,san-francisco-ca
94021,san-francisco-ca
94025,san-francisco-ca
94027,san-francisco-ca
94028,san-francisco-ca
94030,san-francisco-ca
94037,san-francisco-ca
94038,san-francisco-ca
94044,san-francisco-ca
94060,san-francisco-ca
94061,san-francisco-ca
94062,san-francisco-ca
94063,san-francisco-ca
94065,san-francisco-ca
94066,san-francisco-ca
94070,san-francisco-ca
94074,san-francisco-ca
94080,san-francisco-ca
94102,san-francisco-ca
94103,san-francisco-ca
94104,san-francisco-ca
94105,san-francisco-ca
94107,san-francisco-ca
94108,san-francisco-ca
94109,san-francisco-ca
94110,san-francisco-ca
94111,san-francisco-ca
94112,san-francisco-ca
94114,san-francisco-ca
94115,san-francisco-ca
94116,san-francisco-ca
94117,san-francisco-ca
94118,san-francisco-ca
94121,san-francisco-ca
94122,san-francisco-ca
94123,san-francisco-ca
94124,san-francisco-ca
94127,san-francisco-ca
94128,san-francisco-ca
94129,san-francisco-ca
94130,san-francisco-ca
94131,san-francisco-ca
94132,san-francisco-ca
94133,san-francisco-ca
94134,san-francisco-ca
94158,san-francisco-ca
94303,san-francisco-ca
94401,san-francisco-ca
94402,san-francisco-ca
94403,san-francisco-ca
94404,san-francisco-ca
94501,san-francisco-ca
94502,san-francisco-ca
94505,san-francisco-ca
94506,san-francisco-ca
94507,san-francisco-ca
94509,san-francisco-ca
94511,san-francisco-ca
94513,san-francisco-ca
94514,san-francisco-ca
94516,san-francisco-ca
94517,san-francisco-ca
94518,san-francisco-ca
94519,san-francisco-ca
94520,san-francisco-ca
94521,san-francisco-ca
94523,san-francisco-ca
94525,san-francisco-ca
94526,san-francisco-ca
94528,san-francisco-ca
94530,san-francisco-ca
94531,san-francisco-ca
94536,san-francisco-ca
94538,san-francisco-ca
94539,san-francisco-ca
94541,san-francisco-ca
94542,san-francisco-ca
94544,san-francisco-ca
94545,san-francisco-ca
94546,san-francisco-ca
94547,san-francisco-ca
94548,san-francisco-ca
94549,san-francisco-ca
94550,san-francisco-ca
94551,san-francisco-ca
94552,san-francisco-ca
94553,san-francisco-ca
94555,san-francisco-ca
94556,san-francisco-ca
94560,san-francisco-ca
94561,san-francisco-ca
94563,san-francisco-ca
94564,san-francisco-ca
94565,san-francisco-ca
94566,san-francisco-ca
94568,san-francisco-ca
94569,san-francisco-ca
94572,san-francisco-ca
94575,san-francisco-ca
94577,san-francisco-ca
94578,san-francisco-ca
94579,san-francisco-ca
94580,san-francisco-ca
94582,san-francisco-ca
94583,san-francisco-ca
94586,san-francisco-ca
94587,san-francisco-ca
94588,san-francisco-ca
94595,san-francisco-ca
94596,san-francisco-ca
94597,san-francisco-ca
94598,san-francisco-ca
94601,san-francisco-ca
94602,san-francisco-ca
94603,san-francisco-ca
94605,san-francisco-ca
94606,san-francisco-ca
94607,san-francisco-ca
94608,san-francisco-ca
94609,san-francisco-ca
94610,san-francisco-ca
94611,san-francisco-ca
94612,san-francisco-ca
94613,san-francisco-ca
94618,san-francisco-ca
94619,san-francisco-ca
94621,san-francisco-ca
94702,san-francisco-ca
94703,san-francisco-ca
94704,san-francisco-ca
94705,san-francisco-ca
94706,san-francisco-ca
94707,san-francisco-ca
94708,san-francisco-ca
94709,san-francisco-ca
94710,san-francisco-ca
94720,san-francisco-ca
94801,san-francisco-ca
94803,san-francisco-ca
94804,san-francisco-ca
94805,san-francisco-ca
94806,san-francisco-ca
94850,san-francisco-ca
94901,san-francisco-ca
94903,san-francisco-ca
94904,san-francisco-ca
94920,san-francisco-ca
94924,san-francisco-ca
94925,san-francisco-ca
94929,san-francisco-ca
94930,san-francisco-ca
94933,san-francisco-ca
94937,san-francisco-ca
94938,san-francisco-ca
94939,san-francisco-ca
94940,san-francisco-ca
94941,san-francisco-ca
94945,san-francisco-ca
94946,san-francisco-ca
94947,san-francisco-ca
94949,san-francisco-ca
94950,san-francisco-ca
94956,san-francisco-ca
94957,san-francisco-ca
94960,san-francisco-ca
94963,san-francisco-ca
94964,san-francisco-ca
94965,san-francisco-ca
94970,san-francisco-ca
94971,san-francisco-ca
94973,san-francisco-ca
95602,sacramento-ca
95603,sacramento-ca
95604,sacramento-ca
95605,sacramento-ca
95606,sacramento-ca
95607,sacramento-ca
95608,sacramento-ca
95610,sacramento-ca
95612,sacramento-ca
95614,sacramento-ca
95615,sacramento-ca
95616,sacramento-ca
95618,sacramento-ca
95619,sacramento-ca
95621,sacramento-ca
95623,sacramento-ca
95624,sacramento-ca
95626,sacramento-ca
95627,sacramento-ca
95628,sacramento-ca
95630,sacramento-ca
95631,sacramento-ca
95632,sacramento-ca
95633,sacramento-ca
95634,sacramento-ca
95635,sacramento-ca
95636,sacramento-ca
95637,sacramento-ca
95638,sacramento-ca
95639,sacramento-ca
95641,sacramento-ca
95645,sacramento-ca
95646,sacramento-ca
95648,sacramento-ca
95650,sacramento-ca
95651,sacramento-ca
95652,sacramento-ca
95653,sacramento-ca
95655,sacramento-ca
95658,sacramento-ca
95660,sacramento-ca
95661,sacramento-ca
95662,sacramento-ca
95663,sacramento-ca
95664,sacramento-ca
95667,sacramento-ca
95670,sacramento-ca
95672,sacramento-ca
95673,sacramento-ca
95675,sacramento-ca
95677,sacramento-ca
95678,sacramento-ca
95679,sacramento-ca
95680,sacramento-ca
95681,sacramento-ca
95682,sacramento-ca
95683,sacramento-ca
95684,sacramento-ca
95686,sacramento-ca
95690,sacramento-ca
95691,sacramento-ca
95693,sacramento-ca
95694,sacramento-ca
95695,sacramento-ca
95697,sacramento-ca
95698,sacramento-ca
95701,sacramento-ca
95703,sacramento-ca
95709,sacramento-ca
95713,sacramento-ca
95714,sacramento-ca
95715,sacramento-ca
95717,sacramento-ca
95720,sacramento-ca
95721,sacramento-ca
95722,sacramento-ca
95726,sacramento-ca
95735,sacramento-ca
95736,sacramento-ca
95742,sacramento-ca
95746,sacramento-ca
95747,sacramento-ca
95757,sacramento-ca
95758,sacramento-ca
95762,sacramento-ca
95765,sacramento-ca
95776,sacramento-ca
95811,sacramento-ca
95814,sacramento-ca
95815,sacramento-ca
95816,sacramento-ca
95817,sacramento-ca
95818,sacramento-ca
95819,sacramento-ca
95820,sacramento-ca
95821,sacramento-ca
95822,sacramento-ca
95823,sacramento-ca
95824,sacramento-ca
95825,sacramento-ca
95826,sacramento-ca
95827,sacramento-ca
95828,sacramento-ca
95829,sacramento-ca
95830,sacramento-ca
95831,sacramento-ca
95832,sacramento-ca
95833,sacramento-ca
95834,sacramento-ca
95835,sacramento-ca
95837,sacramento-ca
95838,sacramento-ca
95841,sacramento-ca
95842,sacramento-ca
95843,sacramento-ca
95864,sacramento-ca
95937,sacramento-ca
95986,sacramento-ca
96140,sacramento-ca
96141,sacramento-ca
96142,sacramento-ca
96143,sacramento-ca
96145,sacramento-ca
96146,sacramento-ca
96148,sacramento-ca
96150,sacramento-ca
96155,sacramento-ca
97004,portland-or
97005,portland-or
97006,portland-or
97007,portland-or
97008,portland-or
97009,portland-or
97011,portland-or
97013,portland-or
97015,portland-or
97016,portland-or
97017,portland-or
97018,portland-or
97019,portland-or
97022,portland-or
97023,portland-or
97024,portland-or
97027,portland-or
97028,portland-or
97030,portland-or
97034,portland-or
97035,portland-or
97038,portland-or
97042,portland-or
97045,portland-or
97048,portland-or
97049,portland-or
97051,portland-or
97053,portland-or
97054,portland-or
97055,portland-or
97056,portland-or
97060,portland-or
97062,portland-or
97064,portland-or
97067,portland-or
97068,portland-or
97070,portland-or
97080,portland-or
97086,portland-or
97089,portland-or
97101,portland-or
97106,portland-or
97109,portland-or
97111,portland-or
97113,portland-or
97114,portland-or
97115,portland-or
97116,portland-or
97117,portland-or
97119,portland-or
97123,portland-or
97124,portland-or
97125,portland-or
97127,portland-or
97128,portland-or
97132,portland-or
97133,portland-or
97140,portland-or
97144,portland-or
97148,portland-or
97201,portland-or
97202,portland-or
97203,portland-or
97204,portland-or
97205,portland-or
97206,portland-or
97208,portland-or
97209,portland-or
97210,portland-or
97211,portland-or
97212,portland-or
97213,portland-or
97214,portland-or
97215,portland-or
97216,portland-or
97217,portland-or
97218,portland-or
97219,portland-or
97220,portland-or
97221,portland-or
97222,portland-or
97223,portland-or
97224,portland-or
97225,portland-or
97227,portland-or
97229,portland-or
97230,portland-or
97231,portland-or
97232,portland-or
97233,portland-or
97236,portland-or
97239,portland-or
97266,portland-or
97267,portland-or
97378,portland-or
97396,portland-or
98001,seattle-wa
98002,seattle-wa
98003,seattle-wa
98004,seattle-wa
98005,seattle-wa
98006,seattle-wa
98007,seattle-wa
98008,seattle-wa
98010,seattle-wa
98011,seattle-wa
98012,seattle-wa
98014,seattle-wa
98019,seattle-wa
98020,seattle-wa
98021,seattle-wa
98022,seattle-wa
98023,seattle-wa
98024,seattle-wa
98026,seattle-wa
98027,seattle-wa
98028,seattle-wa
98029,seattle-wa
98030,seattle-wa
98031,seattle-wa
98032,seattle-wa
98033,seattle-wa
98034,seattle-wa
98036,seattle-wa
98037,seattle-wa
98038,seattle-wa
98039,seattle-wa
98040,seattle-wa
98042,seattle-wa
98043,seattle-wa
98045,seattle-wa
98047,seattle-wa
98050,seattle-wa
98051,seattle-wa
98052,seattle-wa
98053,seattle-wa
98055,seattle-wa
98056,seattle-wa
98057,seattle-wa
98058,seattle-wa
98059,seattle-wa
98065,seattle-wa
98068,seattle-wa
98070,seattle-wa
98072,seattle-wa
98074,seattle-wa
98075,seattle-wa
98077,seattle-wa
98087,seattle-wa
98092,seattle-wa
98101,seattle-wa
98102,seattle-wa
98103,seattle-wa
98104,seattle-wa
98105,seattle-wa
98106,seattle-wa
98107,seattle-wa
98108,seattle-wa
98109,seattle-wa
98112,seattle-wa
98115,seattle-wa
98116,seattle-wa
98117,seattle-wa
98118,seattle-wa
98119,seattle-wa
98121,seattle-wa
98122,seattle-wa
98125,seattle-wa
98126,seattle-wa
98133,seattle-wa
98134,seattle-wa
98136,seattle-wa
98144,seattle-wa
98146,seattle-wa
98148,seattle-wa
98154,seattle-wa
98155,seattle-wa
98158,seattle-wa
98164,seattle-wa
98166,seattle-wa
98168,seattle-wa
98174,seattle-wa
98177,seattle-wa
98178,seattle-wa
98188,seattle-wa
98195,seattle-wa
98198,seattle-wa
98199,seattle-wa
98201,seattle-wa
98203,seattle-wa
98204,seattle-wa
98205,seattle-wa
98207,seattle-wa
98208,seattle-wa
98223,seattle-wa
98224,seattle-wa
98241,seattle-wa
98251,seattle-wa
98252,seattle-wa
98256,seattle-wa
98258,seattle-wa
98270,seattle-wa
98271,seattle-wa
98272,seattle-wa
98275,seattle-wa
98288,seattle-wa
98290,seattle-wa
98292,seattle-wa
98294,seattle-wa
98296,seattle-wa
98303,seattle-wa
98304,seattle-wa
98321,seattle-wa
98323,seattle-wa
98327,seattle-wa
98328,seattle-wa
98329,seattle-wa
98330,seattle-wa
98332,seattle-wa
98333,seattle-wa
98335,seattle-wa
98338,seattle-wa
98349,seattle-wa
98351,seattle-wa
98354,seattle-wa
98360,seattle-wa
98371,seattle-wa
98372,seattle-wa
98373,seattle-wa
98374,seattle-wa
98375,seattle-wa
98385,seattle-wa
98387,seattle-wa
98388,seattle-wa
98390,seattle-wa
98391,seattle-wa
98394,seattle-wa
98396,seattle-wa
98402,seattle-wa
98403,seattle-wa
98404,seattle-wa
98405,seattle-wa
98406,seattle-wa
98407,seattle-wa
98408,seattle-wa
98409,seattle-wa
98416,seattle-wa
98418,seattle-wa
98421,seattle-wa
98422,seattle-wa
98424,seattle-wa
98430,seattle-wa
98433,seattle-wa
98438,seattle-wa
98439,seattle-wa
98443,seattle-wa
98444,seattle-wa
98445,seattle-wa
98446,seattle-wa
98447,seattle-wa
98465,seattle-wa
98466,seattle-wa
98467,seattle-wa
98498,seattle-wa
98499,seattle-wa
98558,seattle-wa
98580,seattle-wa
